{
  "$id" : "http://schema.kaadas.com/protocol/v20/event/action.json",
  "$schema" : "http://json-schema.org/draft-07/schema",
  "type" : "object",
  "title" : "设备状态&属性上报",
  "additionalProperties" : true,
  "description" : "设备状态&属性上报",
  "required" : [
    "msgtype",
    "func",
    "msgId",
    "devtype",
    "eventtype",
    "timestamp",
    "eventparams"
  ],
  "properties" : {
    "msgtype" : {
      "type" : "string",
      "description" : "消息类型",
      "const" : "event"
    },
    "func" : {
      "type" : "string",
      "description" : "功能类型",
      "const" : "wfevent"
    },
    "devtype" : {
      "type" : "string",
      "description" : "研发类型（锁方案）",
      "enum" : [
        "kdswflock",
        "xmkdswflock"
      ]
    },
    "msgId" : {
      "type" : "integer",
      "description" : "消息ID, 用于匹配请求与响应",
      "minimum" : 0,
      "maximum" : 255
    },
    "eventtype" : {
      "type" : "string",
      "description" : "事件类型",
      "const" : "action"
    },
    "wfId" : {
      "type" : "string",
      "description" : "ESN",
      "deprecated" : true
    },
    "timestamp" : {
      "type" : "string",
      "description" : "事件触发时间 (秒)"
    },
    "eventparams" : {
      "type" : "object",
      "description" : "事件内容",
      "properties" : {
        "amMode" : {
          "type" : "integer",
          "enum" : [
            0,
            1
          ]
        },
        "safeMode" : {
          "type" : "integer",
          "enum" : [
            0,
            1
          ]
        },
        "defences" : {
          "type" : "integer",
          "enum" : [
            0,
            1
          ]
        },
        "language" : {
          "type" : "string",
          "enum" : [
            "zh",
            "en"
          ]
        },
        "operatingMode" : {
          "type" : "integer",
          "enum" : [
            0,
            1
          ]
        },
        "volume" : {
          "type" : "integer",
          "enum" : [
            0,
            1
          ]
        },
        "volLevel" : {
          "type" : "integer",
          "enum" : [
            0,
            1,
            2
          ]
        },
        "powerSave" : {
          "type" : "integer",
          "enum" : [
            0,
            1
          ]
        },
        "openForce" : {
          "type" : "integer",
          "enum" : [
            0,
            1,
            2
          ]
        },
        "lockingMethod" : {
          "type" : "integer",
          "enum" : [
            1,
            2,
            3,
            4,
            5
          ]
        },
        "openDirection" : {
          "type" : "integer",
          "enum" : [
            0,
            1,
            2
          ]
        },
        "faceStatus" : {
          "type" : "integer",
          "enum" : [
            0,
            1
          ]
        },
        "bodySensor" : {
          "type" : "integer",
          "enum" : [
            1,
            2,
            3,
            4
          ]
        },
        "touchHandleStatus" : {
          "type" : "integer",
          "enum" : [
            0,
            1
          ]
        },
        "hoverAlarm" : {
          "type" : "integer",
          "enum" : [
            0,
            1
          ]
        },
        "hoverAlarmLevel" : {
          "type" : "integer",
          "enum" : [
            0,
            1,
            2
          ]
        }
      }
    }
  },
  "examples" : [
    {
      "msgtype" : "event",
      "func" : "wfevent",
      "msgId" : 4,
      "devtype" : "kdswflock",
      "lockId" : "lockId",
      "eventtype" : "alarm",
      "eventparams" : {
        "txEventId" : 1,
        "eventTime" : 1647960381,
        "clusterID" : 257,
        "alarmCode" : 4
      },
      "wfId" : "wfuuid",
      "timestamp" : "1541468973342"
    }
  ]
}
