{
  "$id" : "http://schema.kaadas.com/protocol/v20/event/alarm_video.json",
  "$schema" : "http://json-schema.org/draft-07/schema",
  "type" : "object",
  "title" : "com.kaadas.protocol.v20.event.AlarmVideo",
  "additionalProperties" : true,
  "description" : "视频信息补传\n告警无相关视频产生时，无需补传视频信息\n门铃无图片或视频时，无需上传相关信息",
  "required" : [
    "msgtype",
    "func",
    "devtype",
    "msgId",
    "eventtype",
    "timestamp",
    "eventparams"
  ],
  "properties" : {
    "msgtype" : {
      "type" : "string",
      "description" : "消息类型",
      "const" : "event"
    },
    "func" : {
      "type" : "string",
      "description" : "功能类型",
      "const" : "wfevent"
    },
    "devtype" : {
      "type" : "string",
      "description" : "研发类型（锁方案）",
      "enum" : [
        "kdswflock",
        "xmkdswflock"
      ]
    },
    "msgId" : {
      "type" : "integer",
      "description" : "消息ID, 用于匹配请求与响应",
      "minimum" : 0,
      "maximum" : 255
    },
    "eventtype" : {
      "type" : "string",
      "description" : "事件类型",
      "const" : "alarm_video"
    },
    "wfId" : {
      "type" : "string",
      "description" : "ESN",
      "deprecated" : true
    },
    "timestamp" : {
      "type" : "string",
      "description" : "事件触发时间 (秒)"
    },
    "eventparams" : {
      "type" : "object",
      "description" : "事件内容",
      "properties" : {
        "eventId" : {
          "type" : "string",
          "description" : "alarm事件中服务器回复的eventId"
        },
        "txEventId" : {
          "type" : "integer",
          "minimum" : 1,
          "maximum" : 16,
          "description" : "腾讯云事件ID\n仅用于腾讯云视频模块产生告警时对告警的分类\n根据腾讯云文档，事件编号的合法取值为1 - 16。\n用作事件分类"
        },
        "alarmCode" : {
          "type" : "integer",
          "enum" : [
            1,
            2,
            3,
            4,
            8,
            10,
            16,
            32,
            64,
            96,
            112,
            113
          ],
          "description" : "Alarm code"
        },
        "videoStartTime" : {
          "type" : "integer",
          "description" : "视频开始时间\n当事件产生视频时上报"
        },
        "videoEndTime" : {
          "type" : "integer",
          "description" : "视频结束时间\n当事件产生视频时上报"
        }
      }
    }
  },
  "examples" : [
    {
      "msgtype" : "event",
      "func" : "wfevent",
      "msgId" : 4,
      "devtype" : "kdswflock",
      "lockId" : "lockId",
      "eventtype" : "alarm_video",
      "eventparams" : {
        "eventId" : "34cc90e92cc84cf39eba5e70428309e7",
        "videoStartTime" : 1647960371,
        "videoEndTime" : 1647960386
      },
      "wfId" : "wfuuid",
      "timestamp" : 1647960381
    }
  ]
}
