{
  "$id" : "http://schema.kaadas.com/protocol/v20/event/alarm.json",
  "$schema" : "http://json-schema.org/draft-07/schema",
  "type" : "object",
  "title" : "设备报警（含门铃）事件",
  "additionalProperties" : true,
  "description" : "有告警图片时\n- 设备向服务器获取告警图片上传地址\n- 设备上传告警图片\n- 告警图片上传成功后，与告警事件及相关信息一同上报到服务器\n\n无告警图片时\n- 设备上报告警事件\n\n有告警视频产生时，需补传视频信息，且eventparams中的eventId与前一条告警一致",
  "required" : [
    "msgtype",
    "func",
    "devtype",
    "msgId",
    "eventtype",
    "timestamp",
    "eventparams"
  ],
  "properties" : {
    "msgtype" : {
      "type" : "string",
      "description" : "消息类型",
      "const" : "event"
    },
    "func" : {
      "type" : "string",
      "description" : "功能类型",
      "const" : "wfevent"
    },
    "devtype" : {
      "type" : "string",
      "description" : "研发类型（锁方案）",
      "enum" : [
        "kdswflock",
        "xmkdswflock"
      ]
    },
    "msgId" : {
      "type" : "integer",
      "description" : "消息ID, 用于匹配请求与响应",
      "minimum" : 0,
      "maximum" : 255
    },
    "eventtype" : {
      "type" : "string",
      "description" : "事件类型",
      "const" : "alarm"
    },
    "wfId" : {
      "type" : "string",
      "description" : "ESN",
      "deprecated" : true
    },
    "timestamp" : {
      "type" : "string",
      "description" : "事件触发时间 (秒)"
    },
    "eventparams" : {
      "type" : "object",
      "description" : "事件内容",
      "properties" : {
        "txEventId" : {
          "type" : "integer",
          "minimum" : 1,
          "maximum" : 16,
          "description" : "腾讯云事件ID\n仅用于腾讯云视频模块产生告警时对告警的分类\n根据腾讯云文档，事件编号的合法取值为1 - 16。\n用作事件分类"
        },
        "alarmCode" : {
          "type" : "integer",
          "enum" : [
            1,
            2,
            3,
            4,
            8,
            10,
            16,
            32,
            64,
            96,
            112,
            113
          ],
          "description" : "Alarm code"
        },
        "clusterID" : {
          "type" : "integer",
          "enum" : [
            1,
            257
          ],
          "description" : "代表消息信息类型：  \n257 代表锁的信息;\n1   代表电量信息"
        }
      }
    }
  },
  "examples" : [
    {
      "msgtype" : "event",
      "func" : "wfevent",
      "msgId" : 4,
      "devtype" : "kdswflock",
      "lockId" : "lockId",
      "eventtype" : "alarm",
      "eventparams" : {
        "txEventId" : 1,
        "eventTime" : 1647960381,
        "clusterID" : 257,
        "alarmCode" : 4
      },
      "wfId" : "wfuuid",
      "timestamp" : "1541468973342"
    }
  ]
}
