{
  "$id" : "http://schema.kaadas.com/protocol/v20/event/list.json",
  "$schema" : "http://json-schema.org/draft-07/schema",
  "type" : "object",
  "title" : "com.kaadas.protocol.v20.event.List",
  "additionalProperties" : true,
  "description" : "设备秘钥列表",
  "required" : [
    "msgtype",
    "func",
    "devtype",
    "msgId",
    "eventtype",
    "timestamp",
    "eventparams"
  ],
  "properties" : {
    "msgtype" : {
      "type" : "string",
      "description" : "消息类型",
      "const" : "event"
    },
    "func" : {
      "type" : "string",
      "description" : "功能类型",
      "const" : "wfevent"
    },
    "devtype" : {
      "type" : "string",
      "description" : "研发类型（锁方案）",
      "enum" : [
        "kdswflock",
        "xmkdswflock"
      ]
    },
    "msgId" : {
      "type" : "integer",
      "description" : "消息ID, 用于匹配请求与响应",
      "minimum" : 0,
      "maximum" : 255
    },
    "eventtype" : {
      "type" : "string",
      "description" : "事件类型",
      "const" : "list"
    },
    "wfId" : {
      "type" : "string",
      "description" : "ESN",
      "deprecated" : true
    },
    "timestamp" : {
      "type" : "string",
      "description" : "事件触发时间 (秒)"
    },
    "eventparams" : {
      "type" : "object",
      "description" : "事件内容",
      "properties" : {
        "c" : {
          "type" : "string",
          "contentEncoding" : "base64",
          "contentMediaType" : "application/octet-stream"
        },
        "f" : {
          "type" : "string",
          "contentEncoding" : "base64",
          "contentMediaType" : "application/octet-stream"
        },
        "p" : {
          "type" : "string",
          "contentEncoding" : "base64",
          "contentMediaType" : "application/octet-stream"
        },
        "r" : {
          "type" : "string",
          "contentEncoding" : "base64",
          "contentMediaType" : "application/octet-stream"
        }
      }
    }
  },
  "examples" : [
    {
      "msgtype" : "event",
      "func" : "wfevent",
      "msgId" : 4,
      "devtype" : "kdswflock",
      "lockId" : "lockId",
      "eventtype" : "list",
      "eventparams" : {
        "c" : "xx xx xxxx",
        "f" : "xx xxxxxx",
        "p" : "xx xxxxxx",
        "r" : "xx xx xxxx"
      },
      "eventcode" : 2,
      "wfId" : "wfuuid",
      "timestamp" : "1541468973342"
    }
  ]
}
