{
  "$id" : "http://schema.kaadas.com/protocol/v20/event/lock_inf.json",
  "$schema" : "http://json-schema.org/draft-07/schema",
  "type" : "object",
  "title" : "com.kaadas.protocol.v20.event.LockInf",
  "additionalProperties" : true,
  "description" : "设备信息上报",
  "required" : [
    "msgtype",
    "func",
    "devtype",
    "msgId",
    "eventtype",
    "timestamp",
    "eventparams"
  ],
  "properties" : {
    "msgtype" : {
      "type" : "string",
      "description" : "消息类型",
      "const" : "event"
    },
    "func" : {
      "type" : "string",
      "description" : "功能类型",
      "const" : "wfevent"
    },
    "devtype" : {
      "type" : "string",
      "description" : "研发类型（锁方案）",
      "enum" : [
        "kdswflock",
        "xmkdswflock"
      ]
    },
    "msgId" : {
      "type" : "integer",
      "description" : "消息ID, 用于匹配请求与响应",
      "minimum" : 0,
      "maximum" : 255
    },
    "eventtype" : {
      "type" : "string",
      "description" : "事件类型",
      "const" : "lockInf"
    },
    "wfId" : {
      "type" : "string",
      "description" : "ESN",
      "deprecated" : true
    },
    "timestamp" : {
      "type" : "string",
      "description" : "事件触发时间 (秒)"
    },
    "mqttPayloadVersion" : {
      "type" : "string"
    },
    "eventparams" : {
      "type" : "object",
      "description" : "事件内容",
      "properties" : {
        "sn" : {
          "type" : "string"
        },
        "firmware" : {
          "type" : "string"
        },
        "software" : {
          "type" : "string"
        },
        "FACEversion" : {
          "type" : "string"
        },
        "BLEversion" : {
          "type" : "string"
        },
        "WIFIversion" : {
          "type" : "string"
        },
        "MQTTversion" : {
          "type" : "string"
        },
        "functionSet" : {
          "type" : "integer"
        },
        "lockModel" : {
          "type" : "string"
        },
        "RSSI" : {
          "type" : "string"
        },
        "wifiStrength" : {
          "type" : "integer"
        },
        "power" : {
          "type" : "integer"
        },
        "mac" : {
          "type" : "string"
        },
        "frontPanelVersion" : {
          "type" : "string"
        },
        "backPanelVersion" : {
          "type" : "string"
        },
        "voiceVersion" : {
          "type" : "string"
        }
      },
      "patternProperties" : {
        "^[a-zA-Z0-9]+_[0-9|10]$" : {
          "type" : "string"
        }
      }
    }
  }
}
