{
  "$id" : "http://schema.kaadas.com/protocol/v20/event/network.json",
  "$schema" : "http://json-schema.org/draft-07/schema",
  "type" : "object",
  "title" : "com.kaadas.protocol.v20.event.Network",
  "additionalProperties" : true,
  "description" : "设备扫码后上报MQTT服务器离线密码因子、配网Token",
  "required" : [
    "msgtype",
    "func",
    "devtype",
    "msgId",
    "eventtype",
    "timestamp",
    "eventparams"
  ],
  "properties" : {
    "msgtype" : {
      "type" : "string",
      "description" : "消息类型",
      "const" : "event"
    },
    "func" : {
      "type" : "string",
      "description" : "功能类型",
      "const" : "wfevent"
    },
    "devtype" : {
      "type" : "string",
      "description" : "研发类型（锁方案）",
      "enum" : [
        "kdswflock",
        "xmkdswflock"
      ]
    },
    "msgId" : {
      "type" : "integer",
      "description" : "消息ID, 用于匹配请求与响应",
      "minimum" : 0,
      "maximum" : 255
    },
    "eventtype" : {
      "type" : "string",
      "description" : "事件类型",
      "const" : "network"
    },
    "wfId" : {
      "type" : "string",
      "description" : "ESN",
      "deprecated" : true
    },
    "timestamp" : {
      "type" : "string",
      "description" : "事件触发时间 (秒)"
    },
    "eventparams" : {
      "type" : "object",
      "description" : "事件内容",
      "properties" : {
        "randomCode" : {
          "type" : "string",
          "description" : "28字节的随机数+4字节CRC+13字节wifiSN+1字节功能集"
        },
        "token" : {
          "type" : "string",
          "description" : "配网时服务器为APP生成的配网Token，APP记录在二维码信息中，由锁端扫码上报至MQTT服务器"
        }
      },
      "required" : [
        "randomCode",
        "token"
      ]
    }
  },
  "examples" : [
    {
      "msgtype" : "event",
      "func" : "wfevent",
      "msgId" : 1,
      "devtype" : "kdswflock",
      "eventtype" : "network",
      "wfId" : "{esn}",
      "timestamp" : "1647840166",
      "eventparams" : {
        "randomCode" : "f7263cd529364110bb9ea9fdd0f1a6d9",
        "token" : " e5696c83aa4d410c9408ecc344e10972"
      }
    }
  ]
}
