{
  "$id" : "http://schema.kaadas.com/protocol/v20/event/ota_result.json",
  "$schema" : "http://json-schema.org/draft-07/schema",
  "type" : "object",
  "title" : "com.kaadas.protocol.v20.event.OtaResult",
  "additionalProperties" : true,
  "description" : "升级结果上报",
  "required" : [
    "msgtype",
    "func",
    "devtype",
    "msgId",
    "eventtype",
    "timestamp",
    "eventparams"
  ],
  "properties" : {
    "msgtype" : {
      "type" : "string",
      "description" : "消息类型",
      "const" : "event"
    },
    "func" : {
      "type" : "string",
      "description" : "功能类型",
      "const" : "wfevent"
    },
    "devtype" : {
      "type" : "string",
      "description" : "研发类型（锁方案）",
      "enum" : [
        "kdswflock",
        "xmkdswflock"
      ]
    },
    "msgId" : {
      "type" : "integer",
      "description" : "消息ID, 用于匹配请求与响应",
      "minimum" : 0,
      "maximum" : 255
    },
    "eventtype" : {
      "type" : "string",
      "description" : "事件类型",
      "const" : "otaResult"
    },
    "wfId" : {
      "type" : "string",
      "description" : "ESN",
      "deprecated" : true
    },
    "timestamp" : {
      "type" : "string",
      "description" : "事件触发时间 (秒)"
    },
    "eventparams" : {
      "type" : "object",
      "description" : "事件内容",
      "properties" : {
        "devNum" : {
          "type" : "string",
          "enum" : [
            "1",
            "2",
            "3",
            "4",
            "5",
            "6",
            "7",
            "8",
            ",9"
          ],
          "description" : "升级硬件模块\n1 = WI-FI; 2 = Wi-Fi锁; 3 = 人脸模组; 4 = 视频模组; 5 = MCU; 6 = 前板; 7 = 后板; 8 = 语音; 9 = 显示屏解码板; 10 = 感应把手\n详情见附件E中表格的ID对应关系"
        },
        "resultCode" : {
          "type" : "integer",
          "enum" : [
            0,
            1000,
            1001,
            2000,
            2001,
            3000,
            3001
          ]
        },
        "resultMsg" : {
          "type" : "string",
          "description" : "对应resultCode的错误消息描述"
        },
        "currentVersion" : {
          "type" : "string",
          "description" : "固件读出来的升级版本"
        },
        "otaTime" : {
          "type" : "integer",
          "description" : "升级时间，追踪当前设备版实际版本变更时间"
        }
      },
      "required" : [
        "resultCode"
      ]
    }
  },
  "examples" : [
  ]
}
