{
  "$id" : "http://schema.kaadas.com/protocol/v20/event/record4binary.json",
  "$schema" : "http://json-schema.org/draft-07/schema",
  "type" : "object",
  "title" : "com.kaadas.protocol.v20.event.Record4Binary",
  "additionalProperties" : true,
  "description" : "设备扫码后上报MQTT服务器离线密码因子、配网Token",
  "required" : [
    "msgtype",
    "func",
    "devtype",
    "msgId",
    "eventtype",
    "timestamp"
  ],
  "properties" : {
    "msgtype" : {
      "type" : "string",
      "description" : "消息类型",
      "const" : "event"
    },
    "func" : {
      "type" : "string",
      "description" : "功能类型",
      "const" : "wfevent"
    },
    "devtype" : {
      "type" : "string",
      "description" : "研发类型（锁方案）",
      "enum" : [
        "kdswflock",
        "xmkdswflock"
      ]
    },
    "msgId" : {
      "type" : "integer",
      "description" : "消息ID, 用于匹配请求与响应",
      "minimum" : 0,
      "maximum" : 255
    },
    "eventtype" : {
      "type" : "string",
      "description" : "事件类型",
      "const" : "record4binary"
    },
    "wfId" : {
      "type" : "string",
      "description" : "ESN",
      "deprecated" : true
    },
    "timestamp" : {
      "type" : "string",
      "description" : "事件触发时间 (秒)"
    },
    "eventparams" : {
      "type" : "string",
      "contentEncoding" : "base64",
      "contentMediaType" : "application/octet-stream"
    },
    "mediaparams" : {
      "type" : "array",
      "items" : {
        "type" : "object",
        "properties" : {
          "eventId" : {
            "type" : "string",
            "description" : "事件ID"
          },
          "thumbState" : {
            "type" : "integer",
            "enum" : [
              0,
              1
            ],
            "description" : "图片上传结果\n0 = 上传失败\n1 = 上传成功"
          },
          "time" : {
            "type" : "integer",
            "description" : "录像时长, 单位: 秒"
          },
          "startTime" : {
            "type" : "integer",
            "description" : "录像起始时间戳"
          },
          "fileDate" : {
            "type" : "integer",
            "description" : "日期命名文件目录"
          },
          "fileName" : {
            "type" : "string",
            "description" : "文件名"
          },
          "height" : {
            "type" : "integer",
            "description" : "分辨率高"
          },
          "width" : {
            "type" : "integer",
            "description" : "分辨率宽"
          },
          "type" : {
            "type" : "integer",
            "enum" : [
              1,
              2,
              3,
              4,
              8,
              10,
              32,
              64,
              96,
              112,
              113
            ],
            "description" : "alarmCode"
          },
          "offsetTime" : {
            "type" : "integer",
            "description" : "偏离时间"
          }
        }
      }
    }
  },
  "examples" : [
    {
      "msgtype" : "event",
      "func" : "wfevent",
      "msgId" : 4,
      "devtype" : "kdswflock",
      "lockId" : "lockId",
      "eventtype" : "record4binary",
      "eventparams" : "xxxxxxxx",
      "mediaparams" : [
        {
          "eventId" : "sn+uuid",
          "thumbState" : true,
          "time" : 10,
          "startTime" : 1541468973342,
          "fileDate" : "20200911",
          "fileName" : "152606",
          "height" : 1920,
          "width" : 1080,
          "type" : 1,
          "offsetTime" : 2
        }
      ],
      "wfId" : "wfuuid",
      "timestamp" : "1541468973342"
    }
  ]
}
