{
  "$id" : "http://schema.kaadas.com/protocol/v20/event/record.json",
  "$schema" : "http://json-schema.org/draft-07/schema",
  "type" : "object",
  "title" : "com.kaadas.protocol.v20.event.Record",
  "additionalProperties" : true,
  "description" : "设备操作实时上报",
  "required" : [
    "msgtype",
    "func",
    "devtype",
    "msgId",
    "eventtype",
    "timestamp"
  ],
  "properties" : {
    "msgtype" : {
      "type" : "string",
      "description" : "消息类型",
      "const" : "event"
    },
    "func" : {
      "type" : "string",
      "description" : "功能类型",
      "const" : "wfevent"
    },
    "devtype" : {
      "type" : "string",
      "description" : "研发类型（锁方案）",
      "enum" : [
        "kdswflock",
        "xmkdswflock"
      ]
    },
    "msgId" : {
      "type" : "integer",
      "description" : "消息ID, 用于匹配请求与响应",
      "minimum" : 0,
      "maximum" : 255
    },
    "eventtype" : {
      "type" : "string",
      "description" : "事件类型",
      "const" : "record"
    },
    "wfId" : {
      "type" : "string",
      "description" : "ESN",
      "deprecated" : true
    },
    "timestamp" : {
      "type" : "string",
      "description" : "事件触发时间 (秒)"
    },
    "eventparams" : {
      "type" : "object",
      "properties" : {
        "eventType" : {
          "type" : "integer",
          "enum" : [
            1,
            2,
            3
          ],
          "description" : "0x01 Operation操作(动作类)\n0x02 Program程序(用户管理类)\n0x03 Mode 模式切换"
        },
        "eventSource" : {
          "type" : "integer",
          "enum" : [
            0,
            3,
            4,
            7,
            8,
            9,
            10,
            11,
            16,
            17,
            255
          ],
          "description" : "0x00 Keypad键盘\n0x03 RFID卡片\n0x04 Fingerprint指纹\n0x07Face人脸\n0x08 App\n0x09 Key Unlock机械钥匙\n0x0A 室内OPEN键开锁\n0x0B 室内感应把手开锁\n0x10 小度\n0x11 天猫精灵\n0xFF 无效值\n"
        },
        "eventCode" : {
          "type" : "integer",
          "enum" : [
            1,
            2,
            3,
            4,
            5,
            6,
            7,
            8,
            15
          ],
          "description" : "eventType = 0x01时\n0x01Lock上锁\n0x02Unlock开锁\n0x03主锁舌关(服务未使用)\n\neventType = 0x02时\n\n0x01：MasterCodeChanged管理员密码修改\n0x02: 添加\n0x03: 删除\n0x0F：恢复出厂设置\n当eventCode为恢复出厂设置时，服务器清除相应的指密卡昵称\n\neventType = 0x03时\n0x01: 自动模式\n0x02: 手动模式\n0x03: 通用模式\n0x04: 安全模式\n0x05: 反锁模式\n0x06: 布防模式\n0x07: 节能模式\n0x08: 关闭节能模式"
        },
        "userID" : {
          "type" : "integer",
          "minimum" : 0,
          "maximum" : 255,
          "description" : "锁端用户ID\n有用户编号的时候填入编号\n没有时填入0xFF. （当eventType为Program 并且eventCode为0x03时等于删除当前类型全部密码）\n\n标准密码：0~9\n指纹编号范围：0-99\n卡片编号范围：0-99\n机械钥匙编号：100\n一键开锁编号：102\nAPP指令编号：103\n管理密码254（一般模式用户密码）\n访客密码253\n一次性密码252\n离线密码250"
        },
        "appID" : {
          "type" : "integer",
          "minimum" : 0,
          "maximum" : 99,
          "description" : "锁端用户编号\nAPP用户编码：0-99"
        },
        "fileName" : {
          "type" : "string",
          "description" : "文件名"
        },
        "height" : {
          "type" : "integer",
          "description" : "分辨率高"
        },
        "width" : {
          "type" : "integer",
          "description" : "分辨率宽"
        },
        "type" : {
          "type" : "integer",
          "enum" : [
            1,
            2,
            3,
            4,
            8,
            10,
            32,
            64,
            96,
            112,
            113
          ],
          "description" : "alarmCode"
        },
        "offsetTime" : {
          "type" : "integer",
          "description" : "偏离时间"
        }
      }
    }
  },
  "examples" : [
    {
      "msgtype" : "event",
      "func" : "wfevent",
      "msgId" : 103,
      "devtype" : "kdswflock",
      "lockId" : "W5145C2004180AA1330607",
      "eventtype" : "record",
      "eventparams" : {
        "eventType" : 1,
        "eventSource" : 4,
        "eventCode" : 1,
        "userID" : 255,
        "appID" : 0
      },
      "wfId" : "TSF1201610173",
      "timestamp" : "1588145640"
    }
  ]
}
