<?xml version="1.0" encoding="UTF-8"?>
<configuration>
    <!--
      test uat prod 环境 控制台打印关闭
      ./ 根目录保存当天日志文件
      ./error ./info 保存15天日志文件
      -->

    <conversionRule conversionWord="clr" converterClass="org.springframework.boot.logging.logback.ColorConverter"/>
    <conversionRule conversionWord="wex"
                    converterClass="org.springframework.boot.logging.logback.WhitespaceThrowableProxyConverter"/>
    <conversionRule conversionWord="wEx"
                    converterClass="org.springframework.boot.logging.logback.ExtendedWhitespaceThrowableProxyConverter"/>

    <springProperty scope="context" name="appName" source="spring.application.name"/>
    <!-- 引入spirng boot默认的logback配置文件 -->
    <include resource="org/springframework/boot/logging/logback/defaults.xml"/>

    <property name="log.dir" value="../logs"/>
    <!--格式化输出：%d表示日期，%-5level：日志级别从左显示5个字符宽度(%5p),%thread表示线程名(%t), %logger:%L 类的全路径及行号(%c:%L),%msg：日志消息，%n是换行符-->
    <property name="KAADAS_CONSOLE_LOG_PATTERN"
              value="${KAADAS_CONSOLE_LOG_PATTERN:-%clr(%d{${LOG_DATEFORMAT_PATTERN:-yyyy-MM-dd HH:mm:ss.SSS}}){faint} %clr(${LOG_LEVEL_PATTERN:-%5p}) %clr(${PID:- }){magenta} %clr([%15.15t]){faint} %clr(%-40.40logger{39}:%L){cyan} %clr(:){faint} %m%n${LOG_EXCEPTION_CONVERSION_WORD:-%wEx}}"/>
    <property name="KAADAS_FILE_LOG_PATTERN"
              value="${KAADAS_FILE_LOG_PATTERN:-%d{${LOG_DATEFORMAT_PATTERN:-yyyy-MM-dd HH:mm:ss.SSS}} ${LOG_LEVEL_PATTERN:-%5p} ${PID:- } --- [%t] %-40.40logger{39}:%L : %m%n${LOG_EXCEPTION_CONVERSION_WORD:-%wEx}}"/>

    <!-- 控制台打印 -->
    <appender name="CONSOLE" class="ch.qos.logback.core.ConsoleAppender">
        <encoder>
            <pattern>${KAADAS_CONSOLE_LOG_PATTERN}</pattern>
            <charset>utf-8</charset>
        </encoder>
        <filter class="ch.qos.logback.classic.filter.ThresholdFilter">
            <level>debug</level>
        </filter>
    </appender>


    <!-- 按日期和大小区分的滚动日志 -->
    <appender name="FILE_INFO" class="ch.qos.logback.core.rolling.RollingFileAppender">
        <encoder>
            <Pattern>${KAADAS_FILE_LOG_PATTERN}</Pattern>
        </encoder>
        <rollingPolicy class="ch.qos.logback.core.rolling.TimeBasedRollingPolicy">
            <fileNamePattern>${log.dir}/${appName}/info.%d{yyyy-MM-dd}-%i.log</fileNamePattern>
            <cleanHistoryOnStart>true</cleanHistoryOnStart>
            <maxHistory>1</maxHistory>

            <timeBasedFileNamingAndTriggeringPolicy class="ch.qos.logback.core.rolling.SizeAndTimeBasedFNATP">
                <maxFileSize>100MB</maxFileSize>
            </timeBasedFileNamingAndTriggeringPolicy>
        </rollingPolicy>
    </appender>


    <!-- 按日期和大小区分的滚动日志 -->
    <appender name="FILE_ERROR" class="ch.qos.logback.core.rolling.RollingFileAppender">
        <encoder>
            <Pattern>${KAADAS_FILE_LOG_PATTERN}</Pattern>
        </encoder>
        <filter class="ch.qos.logback.classic.filter.LevelFilter">
            <level>ERROR</level>
            <onMatch>ACCEPT</onMatch>
            <onMismatch>DENY</onMismatch>
        </filter>
        <rollingPolicy class="ch.qos.logback.core.rolling.TimeBasedRollingPolicy">
            <fileNamePattern>${log.dir}/${appName}/error.%d{yyyy-MM-dd}-%i.log</fileNamePattern>
            <cleanHistoryOnStart>true</cleanHistoryOnStart>
            <maxHistory>1</maxHistory>

            <timeBasedFileNamingAndTriggeringPolicy class="ch.qos.logback.core.rolling.SizeAndTimeBasedFNATP">
                <maxFileSize>100MB</maxFileSize>
            </timeBasedFileNamingAndTriggeringPolicy>
        </rollingPolicy>
    </appender>


    <!-- 按日期和大小区分的滚动日志 -->
    <appender name="FILE_INFO_BAK" class="ch.qos.logback.core.rolling.RollingFileAppender">
        <encoder>
            <Pattern>${KAADAS_FILE_LOG_PATTERN}</Pattern>
        </encoder>
        <rollingPolicy class="ch.qos.logback.core.rolling.TimeBasedRollingPolicy">
            <fileNamePattern>${log.dir}/${appName}/info/info.%d{yyyy-MM-dd}-%i.log</fileNamePattern>
            <cleanHistoryOnStart>true</cleanHistoryOnStart>
            <maxHistory>15</maxHistory>

            <timeBasedFileNamingAndTriggeringPolicy class="ch.qos.logback.core.rolling.SizeAndTimeBasedFNATP">
                <maxFileSize>100MB</maxFileSize>
            </timeBasedFileNamingAndTriggeringPolicy>
        </rollingPolicy>
    </appender>


    <!-- 按日期和大小区分的滚动日志 -->
    <appender name="FILE_ERROR_BAK" class="ch.qos.logback.core.rolling.RollingFileAppender">
        <encoder>
            <Pattern>${KAADAS_FILE_LOG_PATTERN}</Pattern>
        </encoder>
        <filter class="ch.qos.logback.classic.filter.LevelFilter">
            <level>ERROR</level>
            <onMatch>ACCEPT</onMatch>
            <onMismatch>DENY</onMismatch>
        </filter>
        <rollingPolicy class="ch.qos.logback.core.rolling.TimeBasedRollingPolicy">
            <fileNamePattern>${log.dir}/${appName}/error/error.%d{yyyy-MM-dd}-%i.log</fileNamePattern>
            <cleanHistoryOnStart>true</cleanHistoryOnStart>
            <maxHistory>15</maxHistory>

            <timeBasedFileNamingAndTriggeringPolicy class="ch.qos.logback.core.rolling.SizeAndTimeBasedFNATP">
                <maxFileSize>100MB</maxFileSize>
            </timeBasedFileNamingAndTriggeringPolicy>
        </rollingPolicy>
    </appender>

    <!--myibatis log configure-->
    <!--    <logger name="com.apache.ibatis" level="TRACE"/>-->
    <!--    <logger name="java.sql.Connection" level="DEBUG"/>-->
    <!--    <logger name="java.sql.Statement" level="DEBUG"/>-->
    <!--    <logger name="java.sql.PreparedStatement" level="DEBUG"/>-->

    <springProfile name="default">
        <!-- 本地开发环境 激活 -->
        <root level="INFO">
            <appender-ref ref="CONSOLE"/>
        </root>
    </springProfile>

    <springProfile name="dev">
        <!-- 开发环境 激活 -->
        <root level="INFO">
            <appender-ref ref="FILE_INFO"/>
            <appender-ref ref="FILE_ERROR"/>
            <appender-ref ref="FILE_INFO_BAK"/>
            <appender-ref ref="FILE_ERROR_BAK"/>
        </root>
    </springProfile>

    <springProfile name="test|uat|prod">
        <!-- 测试,预发布,生产环境 激活-->
        <root level="INFO">
            <appender-ref ref="FILE_INFO"/>
            <appender-ref ref="FILE_ERROR"/>
            <appender-ref ref="FILE_INFO_BAK"/>
            <appender-ref ref="FILE_ERROR_BAK"/>
        </root>
    </springProfile>


</configuration>
