<assembly xmlns="http://maven.apache.org/ASSEMBLY/2.1.0" xmlns:xsi="http://www.w3.org/2001/XMLSchema-instance"
          xsi:schemaLocation="http://maven.apache.org/ASSEMBLY/2.1.0 http://maven.apache.org/xsd/assembly-2.1.0.xsd">
  <id>latest</id>
  <includeBaseDirectory>true</includeBaseDirectory>
  <formats>
    <format>zip</format>
  </formats>
  <fileSets>
    <!-- 启动脚本 -->
    <fileSet>
      <directory>${project.build.directory}/classes</directory>
      <outputDirectory>.</outputDirectory>
      <includes>
        <include>**.sh</include>
      </includes>
      <lineEnding>unix</lineEnding>
      <fileMode>0755</fileMode>
    </fileSet>
    <!-- 配置文件 -->
    <fileSet>
      <directory>${project.build.directory}/config</directory>
      <outputDirectory>config</outputDirectory>
      <includes>
        <include>**/*</include>
      </includes>
      <fileMode>0644</fileMode>
    </fileSet>
  </fileSets>
  <files>
    <file>
      <source>${project.build.directory}/${project.artifactId}-${project.version}.jar</source>
      <outputDirectory>.</outputDirectory>
    </file>
  </files>
  <!-- 依赖，除了主jar外都打包到lib中 -->
  <dependencySets>
    <dependencySet>
      <outputFileNameMapping>${artifact.artifactId}-${artifact.baseVersion}.${artifact.extension}
      </outputFileNameMapping>
      <useProjectArtifact>false</useProjectArtifact>
      <outputDirectory>lib</outputDirectory>
      <scope>runtime</scope>
      <!--      <excludes>-->
      <!--        <exclude>${project.groupId}:${project.artifactId}</exclude>-->
      <!--      </excludes>-->
    </dependencySet>
  </dependencySets>
</assembly>