{
  "$id" : "http://schema.kaadas.com/protocol/v20/call/bind_result_notify.json",
  "$schema" : "http://json-schema.org/draft-07/schema",
  "type" : "object",
  "title" : "绑定结果",
  "additionalProperties" : true,
  "description" : "服务器在确定小程序绑定设备后，将结果（无论是否成功）下发至设备",
  "required" : [
    "func",
    "msgId",
    "eventtype",
    "time",
    "bindResult"
  ],
  "properties" : {
    "msgtype" : {
      "type" : "string",
      "description" : "消息类型",
      "const" : "event"
    },
    "func" : {
      "type" : "string",
      "description" : "功能类型",
      "const" : "wfevent"
    },
    "devtype" : {
      "type" : "string",
      "description" : "研发类型（锁方案）",
      "enum" : [
        "kdswflock",
        "xmkdswflock"
      ]
    },
    "msgId" : {
      "type" : "integer",
      "description" : "消息ID, 用于匹配请求与响应",
      "minimum" : 0,
      "maximum" : 255
    },
    "eventtype" : {
      "type" : "string",
      "description" : "事件类型",
      "const" : "bindResultNotify"
    },
    "timestamp" : {
      "type" : "string",
      "description" : "事件触发时间 (秒)"
    },
    "bindResult" : {
      "type" : "integer",
      "description" : "绑定结果，也是配网结果 1 = 成功; 0 = 失败",
      "enum" : [
        0,
        1
      ]
    }
  },
  "examples" : [
    {
      "msgtype" : "event",
      "func" : "wfevent",
      "msgId" : 4,
      "devtype" : "kdswflock",
      "eventtype" : "bindResultNotify",
      "bindResult" : 1,
      "timestamp" : "154146897"
    }
  ]
}
