{
  "$id" : "http://schema.kaadas.com/protocol/v20/call/network.json",
  "$schema" : "http://json-schema.org/draft-07/schema",
  "type" : "object",
  "title" : "com.kaadas.protocol.v20.call.Network",
  "additionalProperties" : true,
  "description" : "响应设备配网信息上报结果, 设备根据响应结果决定是否更新离线密码因子（前文上报）",
  "required" : [
    "msgtype",
    "func",
    "msgId",
    "eventtype",
    "time",
    "result"
  ],
  "properties" : {
    "msgtype" : {
      "type" : "string",
      "description" : "消息类型",
      "const" : "eventResponse"
    },
    "func" : {
      "type" : "string",
      "description" : "功能类型",
      "const" : "wfevent"
    },
    "devtype" : {
      "type" : "string",
      "description" : "研发类型（锁方案）",
      "enum" : [
        "kdswflock",
        "xmkdswflock"
      ]
    },
    "msgId" : {
      "type" : "integer",
      "description" : "消息ID, 用于匹配请求与响应",
      "minimum" : 0,
      "maximum" : 255
    },
    "eventtype" : {
      "type" : "string",
      "description" : "事件类型",
      "const" : "network"
    },
    "wfId" : {
      "type" : "string",
      "description" : "ESN",
      "deprecated" : true
    },
    "time" : {
      "type" : "string",
      "description" : "事件触发时间 (秒)"
    },
    "result" : {
      "type" : "integer",
      "description" : "响应状态",
      "enum" : [
        0,
        1
      ]
    },
    "returnData" : {
      "type" : "object",
      "description" : "当result为1时，下发腾讯三元组消息，否则为空",
      "properties" : {
        "productId" : {
          "type" : "string",
          "description" : "产品ID"
        },
        "deviceName" : {
          "type" : "string",
          "description" : "设备名"
        },
        "deviceSecret" : {
          "type" : "string",
          "description" : "设备密钥"
        }
      }
    }
  },
  "examples" : [
    {
      "msgtype" : "event",
      "func" : "wfevent",
      "msgId" : 1,
      "devtype" : "kdswflock",
      "eventtype" : "network",
      "wfId" : "{esn}",
      "time" : "1647840166",
      "result" : 1,
      "returnData" : {
        "productId" : "Xxx",
        "deviceName" : "xxx",
        "deviceSecret" : "XXX"
      }
    }
  ]
}
