{
  "$id" : "http://schema.kaadas.com/protocol/v20/call/unbind_notify.json",
  "$schema" : "http://json-schema.org/draft-07/schema",
  "type" : "object",
  "title" : "com.kaadas.protocol.v20.call.UnbindNotify",
  "additionalProperties" : true,
  "description" : "服务器在确定小程序绑定设备后，将结果（无论是否成功）下发至设备",
  "required" : [
    "msgtype",
    "func",
    "msgId",
    "eventtype",
    "time",
    "result"
  ],
  "properties" : {
    "msgtype" : {
      "type" : "string",
      "description" : "消息类型",
      "const" : "event"
    },
    "func" : {
      "type" : "string",
      "description" : "功能类型",
      "const" : "wfevent"
    },
    "devtype" : {
      "type" : "string",
      "description" : "研发类型（锁方案）",
      "enum" : [
        "kdswflock",
        "xmkdswflock"
      ]
    },
    "msgId" : {
      "type" : "integer",
      "description" : "消息ID, 用于匹配请求与响应",
      "minimum" : 0,
      "maximum" : 255
    },
    "eventtype" : {
      "type" : "string",
      "description" : "事件类型",
      "const" : "unbindNotify"
    },
    "timestamp" : {
      "type" : "string",
      "description" : "事件触发时间 (秒)"
    },
    "unbindResult" : {
      "type" : "integer",
      "description" : "解绑ID",
      "const" : 1
    }
  },
  "examples" : [
    {
      "msgtype" : "event",
      "func" : "wfevent",
      "msgId" : 4,
      "devtype" : "kdswflock",
      "eventtype" : "unbindNotify",
      "unbindResult" : 1,
      "wfId" : "wfuuid",
      "timestamp" : "1541468973342"
    }
  ]
}
