{
  "$id" : "http://schema.kaadas.com/protocol/v20/call/wakeup.json",
  "$schema" : "http://json-schema.org/draft-07/schema",
  "type" : "object",
  "title" : "com.kaadas.protocol.v20.call.Wakeup",
  "additionalProperties" : true,
  "description" : "服务器在确定小程序绑定设备后，将结果（无论是否成功）下发至设备",
  "required" : [
    "msgtype",
    "func",
    "msgId",
    "timestamp"
  ],
  "properties" : {
    "msgtype" : {
      "type" : "string",
      "description" : "消息类型",
      "const" : "request"
    },
    "func" : {
      "type" : "string",
      "description" : "功能类型",
      "const" : "wakeup"
    },
    "userId" : {
      "type" : "string",
      "description" : "用户ID"
    },
    "msgId" : {
      "type" : "integer",
      "description" : "消息ID, 用于匹配请求与响应",
      "minimum" : 0,
      "maximum" : 255
    },
    "wfId" : {
      "type" : "string",
      "description" : "事件类型"
    },
    "timestamp" : {
      "type" : "string",
      "description" : "事件触发时间 (秒)"
    }
  },
  "examples" : [
    {
      "msgtype" : "request",
      "msgId" : 4,
      "userId" : "sys",
      "wfId" : "WF123456789",
      "func" : "wakeup",
      "timestamp" : "13433333333"
    }
  ]
}
