<?xml version="1.0" encoding="UTF-8"?>
<!--日志级别以及优先级排序: OFF > FATAL > ERROR > WARN > INFO > DEBUG > TRACE > ALL -->
<!--Configuration后面的status，这个用于设置log4j2自身内部的信息输出，可以不设置，当设置成trace时，你会看到log4j2内部各种详细输出-->
<!--monitorInterval：Log4j能够自动检测修改配置 文件和重新配置本身，设置间隔秒数-->
<configuration status="WARN" monitorInterval="30">
  <properties>
    <property name="pattern_console">%style{%d{yyyy-MM-dd HH:mm:ss:SSS}}{bright,green} [%highlight{%5level}] [%t] at
      %c.%M (%style{%F:%L}{bright,yellow})
      %highlight{%msg}%n%style{%throwable}{red}%n
    </property>
  </properties>
  <!--先定义所有的appender-->
  <appenders>
    <!--这个输出控制台的配置-->
    <console name="Console" target="SYSTEM_OUT">
      <!--输出日志的格式-->
      <PatternLayout pattern="${pattern_console}"/>
    </console>
    <Async name="ConsoleAsync">
      <AppenderRef ref="Console"/>
    </Async>

    <!-- log.path ===> See pom.xml -->
    <RollingFile name="LogAppender"
                 fileName="${log.path}/${project.artifactId}.log"
                 filePattern="${log.path}/${date:yyyy-MM-dd}/${project.name}-%d{yyyy-MM-dd}-%i.log.gz">
      <Filters>
        <ThresholdFilter level="error" onMatch="DENY" onMismatch="NEUTRAL"/>
        <ThresholdFilter level="debug" onMatch="ACCEPT" onMismatch="DENY"/>
      </Filters>
      <PatternLayout pattern="%msg%n"/>
      <Policies>
        <TimeBasedTriggeringPolicy/>
        <SizeBasedTriggeringPolicy size="2GB"/>
      </Policies>
      <DefaultRolloverStrategy max="30"/>
    </RollingFile>

    <Async name="LogAppenderAsync">
      <AppenderRef ref="LogAppender"/>
    </Async>
  </appenders>
  <!--然后定义logger，只有定义了logger并引入的appender，appender才会生效-->
  <loggers>
    <!--过滤掉spring和mybatis的一些无用的DEBUG信息-->
    <logger name="com.zaxxer.hikari" level="WARN"/>
    <logger name="io.netty" level="INFO"/>
    <logger name="io.lettuce" level="INFO"/>
    <logger name="io.undertow" level="INFO"/>
    <logger name="org.xnio" level="INFO"/>
    <logger name="org.mybatis" level="INFO"/>
    <logger name="org.mongodb.driver" level="INFO"/>
    <logger name="org.hibernate.validator" level="INFO"/>
    <logger name="springfox" level="INFO"/>
    <logger name="_org.springframework" level="WARN"/>
    <root level="INFO">
      <appender-ref ref="ConsoleAsync"/>
      <appender-ref ref="LogAppenderAsync"/>
    </root>
  </loggers>
</configuration>