<?xml version="1.0" encoding="UTF-8"?>
<!--日志级别以及优先级排序: OFF > FATAL > ERROR > WARN > INFO > DEBUG > TRACE > ALL -->
<!--Configuration后面的status，这个用于设置log4j2自身内部的信息输出，可以不设置，当设置成trace时，你会看到log4j2内部各种详细输出-->
<!--monitorInterval：Log4j能够自动检测修改配置 文件和重新配置本身，设置间隔秒数-->
<Configuration status="WARN" monitorInterval="30">
  <Properties>
    <!-- 默认日志目录，Maven pom.xml的<resource>标签中启用<filtering>true</filtering>时，会从pom.xml中读取日志目录 -->
    <Property name="log.path">./logs</Property>
    <!-- 将打成gz包的历史日志文件统一存储到history目录下，规避log4j2删除目录会出现异常的问题 -->
    <Property name="log.path-history">${log.path}/history</Property>
    <!-- 默认日志文件名，读取Maven pom.xml的project.artifactId -->
    <Property name="project.artifactId">example-kafka</Property>
    <!-- 配置gz文件生成72小时后过期，参考java.time.Duration#parse -->
    <Property name="logfile.age">PT72H</Property>
    <!-- 日志输出到控制台，生产环境不开启，Spring Boot可通过logging.config进行配置 -->
    <Property name="pattern.console">%style{%d{yyyy-MM-dd HH:mm:ss:SSS}}{bright,green} [%highlight{%5level}] [%t] at
      %c.%M (%style{%F:%L}{bright,yellow})
      %highlight{%msg}%n%style{%throwable}{red}%n
    </Property>
    <!-- 输出为JSON文件，未调试 -->
    <Property name="pattern.json">{"date": "%d{yyyy-MM-dd HH:mm:ss.SSS}", "level": "%5level", "threadName": "%t",
      "content": "%msg"}
    </Property>
    <!-- 输出为常见日志格式，生产环境不要带 %L -->
    <Property name="pattern.logfile">%d{yyyy-MM-dd HH:mm:ss.SSS} %5level [%t] %msg%n</Property>
    <!-- 输出INFO级别日志的文件名 -->
    <Property name="info.file.name">${project.artifactId}-info</Property>
    <Property name="info.file.path">${log.path}/${info.file.name}.log</Property>
    <Property name="info.file.gz-name">${info.file.name}-%d{yyyy-MM-dd}-%i</Property>
    <Property name="info.file.gz-path">${log.path-history}/${info.file.gz-name}.log.gz</Property>
    <!-- 输出WARN级别日志的文件名 -->
    <Property name="error.file.name">${project.artifactId}-error</Property>
    <Property name="error.file.path">${log.path}/${error.file.name}.log</Property>
    <Property name="error.file.gz-name">${error.file.name}-%d{yyyy-MM-dd}-%i</Property>
    <Property name="error.file.gz-path">${log.path-history}/${error.file.gz-name}.log.gz</Property>
    <!-- API -->
    <Property name="api.file.name">${project.artifactId}-api</Property>
    <Property name="api.file.path">${log.path}/${api.file.name}.log</Property>
    <Property name="api.file.gz-name">${api.file.name}-%d{yyyy-MM-dd}-%i</Property>
    <Property name="api.file.gz-path">${log.path-history}/${api.file.gz-name}.log.gz</Property>
  </Properties>
  <Appenders>
    <!--日志输出到控制台，生产环境不开启-->
    <Console name="Console" target="SYSTEM_OUT">
      <PatternLayout pattern="${pattern.console}"/>
    </Console>
    <RollingFile name="LogAppender" fileName="${info.file.path}" filePattern="${info.file.gz-path}"
                 filePermissions="rw-rw-rw-">
      <LevelRangeFilter minLevel="INFO" maxLevel="TRACE" onMatch="ACCEPT" onMismatch="DENY"/>
      <PatternLayout pattern="${pattern.logfile}"/>
      <Policies>
        <!-- 根据%d{yyyy-MM-dd} 或 %d{yyyy-MM-dd-HH-mm}进行处理，想知道自己百度 -->
        <TimeBasedTriggeringPolicy interval="1" modulate="true"/>
        <!-- 单个文件2GB -->
        <SizeBasedTriggeringPolicy size="2GB"/>
        <!-- 项目启动时的策略，会清info.log、error.log两个日志文件 -->
        <OnStartupTriggeringPolicy/>
      </Policies>
      <!-- 删除历史 -->
      <DefaultRolloverStrategy>
        <Delete basePath="${log.path-history}" maxDepth="1">
          <!-- 删除INFO文件 -->
          <IfFileName glob="${info.file.name}-*.log.gz">
            <!-- 删除INFO文件时匹配最后修改时间是否超出计划有效期 -->
            <IfLastModified age="${logfile.age}"/>
          </IfFileName>
        </Delete>
      </DefaultRolloverStrategy>
    </RollingFile>
    <RollingFile name="LogAppenderWarn" fileName="${error.file.path}" filePattern="${error.file.gz-path}"
                 filePermissions="rw-rw-rw-">
      <LevelRangeFilter minLevel="ERROR" maxLevel="WARN" onMatch="ACCEPT" onMismatch="DENY"/>
      <PatternLayout pattern="${pattern.logfile}"/>
      <Policies>
        <TimeBasedTriggeringPolicy interval="1" modulate="true"/>
        <SizeBasedTriggeringPolicy size="2GB"/>
        <OnStartupTriggeringPolicy/>
      </Policies>
      <DefaultRolloverStrategy>
        <Delete basePath="${log.path-history}" maxDepth="1">
          <IfFileName glob="${error.file.name}-*.log.gz">
            <IfLastModified age="${logfile.age}"/>
          </IfFileName>
        </Delete>
      </DefaultRolloverStrategy>
    </RollingFile>
    <RollingFile name="API" fileName="${api.file.path}" filePattern="${api.file.gz-path}" filePermissions="rw-rw-rw-">
      <LevelRangeFilter minLevel="INFO" maxLevel="TRACE" onMatch="ACCEPT" onMismatch="DENY"/>
      <PatternLayout pattern="%msg%n"/>
      <Policies>
        <TimeBasedTriggeringPolicy interval="1" modulate="true"/>
        <SizeBasedTriggeringPolicy size="2GB"/>
        <OnStartupTriggeringPolicy/>
      </Policies>
      <DefaultRolloverStrategy>
        <Delete basePath="${log.path-history}" maxDepth="1">
          <IfFileName glob="${api.file.name}-*.log.gz">
            <IfLastModified age="${logfile.age}"/>
          </IfFileName>
        </Delete>
      </DefaultRolloverStrategy>
    </RollingFile>
    <Async name="LogAppenderAsync">
      <AppenderRef ref="LogAppender"/>
    </Async>
    <Async name="LogAppenderWarnAsync">
      <AppenderRef ref="LogAppenderWarn"/>
    </Async>
    <Async name="APIAsync">
      <AppenderRef ref="API"/>
    </Async>
  </Appenders>
  <!--然后定义logger，只有定义了logger并引入的appender，appender才会生效-->
  <Loggers>
    <!--过滤掉spring和mybatis的一些无用的DEBUG信息-->
    <Logger name="com.zaxxer.hikari" level="WARN"/>
    <Logger name="io.lettuce" level="INFO"/>
    <Logger name="io.undertow" level="WARN"/>
    <Logger name="org.xnio" level="INFO"/>
    <Logger name="org.redisson" level="WARN"/>
    <Logger name="io.netty" level="WARN"/>
    <Logger name="org.mongodb.driver" level="INFO"/>
    <Logger name="org.hibernate" level="WARN"/>
    <Logger name="org.apache" level="WARN"/>
    <Logger name="reactor" level="WARN"/>
    <Logger name="org.jboss" level="WARN"/>
    <Logger name="springfox" level="WARN"/>
    <Logger name="org.xnio" level="WARN"/>
    <Logger name="_org.springframework" level="WARN"/>
    <Logger name="org.springframework" level="WARN"/>
    <Logger name="io.grpc.netty.shaded.io.grpc.netty" level="INFO"/>
    <Logger name="HttpLog" additivity="false" level="INFO">
      <Appender-Ref ref="APIAsync"/>
    </Logger>
    <Root level="INFO">
      <!--      <Appender-Ref ref="Console"/>-->
      <Appender-Ref ref="LogAppenderAsync"/>
      <Appender-Ref ref="LogAppenderWarnAsync"/>
    </Root>
  </Loggers>
</Configuration>