{
  "$id" : "http://schema.kaadas.com/protocol/v20/reply/network.json",
  "$schema" : "http://json-schema.org/draft-07/schema",
  "type" : "object",
  "title" : "com.kaadas.protocol.v20.reply.Network",
  "additionalProperties" : true,
  "description" : "设备更新密码因子后，将更新后的密码因子上报给服务器",
  "required" : [
    "msgtype",
    "func",
    "msgId",
    "timestamp",
    "code"
  ],
  "properties" : {
    "msgtype" : {
      "type" : "string",
      "description" : "消息类型",
      "const" : "response"
    },
    "func" : {
      "type" : "string",
      "description" : "功能类型",
      "const" : "network"
    },
    "devtype" : {
      "type" : "string",
      "description" : "研发类型（锁方案）",
      "enum" : [
        "kdswflock",
        "xmkdswflock"
      ]
    },
    "msgId" : {
      "type" : "integer",
      "description" : "消息ID, 用于匹配请求与响应",
      "minimum" : 0,
      "maximum" : 255
    },
    "userId" : {
      "type" : "string",
      "description" : "回传服务器下发时的userId"
    },
    "wfId" : {
      "type" : "string",
      "description" : "ESN",
      "deprecated" : true
    },
    "timestamp" : {
      "type" : "string",
      "description" : "事件触发时间 (秒)"
    },
    "code" : {
      "type" : "integer",
      "description" : "响应状态",
      "enum" : [
        200,
        201
      ]
    },
    "params" : {
      "type" : "object",
      "description" : "当code为200时，上报更新后的密码因子，否则为空",
      "properties" : {
        "randomCode" : {
          "type" : "string",
          "description" : "已更新的密码因子，在code = 200时填入"
        }
      }
    }
  },
  "examples" : [
    {
      "msgtype" : "respone",
      "msgId" : 4,
      "userId" : "sys",
      "wfId" : "WF123456789",
      "func" : "network",
      "code" : 200,
      "timestamp" : "13433333333",
      "params" : {
        "randomCode" : "xxxxxxxxxxxxxxxxxxxxxxxx"
      }
    }
  ]
}
