{
  "$id" : "http://schema.kaadas.com/protocol/v20/reply/ota_notify.json",
  "$schema" : "http://json-schema.org/draft-07/schema",
  "type" : "object",
  "title" : "com.kaadas.protocol.v20.reply.OtaNotify",
  "additionalProperties" : true,
  "description" : "设备确认收到OTA消息",
  "required" : [
    "msgtype",
    "func",
    "msgId",
    "timestamp",
    "code"
  ],
  "properties" : {
    "msgtype" : {
      "type" : "string",
      "description" : "消息类型",
      "const" : "response"
    },
    "func" : {
      "type" : "string",
      "description" : "功能类型",
      "const" : "otaNotify"
    },
    "msgId" : {
      "type" : "integer",
      "description" : "消息ID, 用于匹配请求与响应",
      "minimum" : 0,
      "maximum" : 255
    },
    "userId" : {
      "type" : "string",
      "description" : "用户ID"
    },
    "wfId" : {
      "type" : "string",
      "description" : "事件类型"
    },
    "timestamp" : {
      "type" : "string",
      "description" : "事件触发时间 (秒)"
    },
    "code" : {
      "type" : "integer",
      "description" : "响应状态 200 正常返回; ",
      "enum" : [
        200,
        201
      ]
    }
  },
  "examples" : [
    {
      "msgtype" : "respone",
      "msgId" : 4,
      "userId" : "sys",
      "wfId" : "WF123456789",
      "func" : "wakeup",
      "code" : 200,
      "timestamp" : "13433333333"
    }
  ]
}
