{
  "$id" : "http://schema.kaadas.com/protocol/v20/reply/set_camera.json",
  "$schema" : "http://json-schema.org/draft-07/schema",
  "type" : "object",
  "title" : "com.kaadas.protocol.v20.reply.SetCamera",
  "additionalProperties" : true,
  "description" : "设备对指令请求的回复",
  "required" : [
    "msgtype",
    "func",
    "msgId",
    "timestamp",
    "code"
  ],
  "properties" : {
    "msgtype" : {
      "type" : "string",
      "description" : "消息类型",
      "const" : "response"
    },
    "func" : {
      "type" : "string",
      "description" : "功能类型",
      "const" : "setCamera"
    },
    "msgId" : {
      "type" : "integer",
      "description" : "消息ID, 用于匹配请求与响应",
      "minimum" : 0,
      "maximum" : 255
    },
    "userId" : {
      "type" : "string",
      "description" : "用户ID"
    },
    "wfId" : {
      "type" : "string",
      "description" : "事件类型"
    },
    "timestamp" : {
      "type" : "string",
      "description" : "事件触发时间 (秒)"
    },
    "code" : {
      "type" : "integer",
      "description" : "响应状态 200 正常返回; 201 设置失败",
      "enum" : [
        200,
        201
      ]
    },
    "params" : {
      "type" : "object",
      "properties" : {
        "keep_alive_status" : {
          "type" : "integer",
          "enum" : [
            0,
            1
          ],
          "deprecated" : true,
          "description" : "保活开关，1=开、0=关"
        },
        "alive_time" : {
          "type" : "object",
          "deprecated" : true,
          "properties" : {
            "keep_alive_snooze" : {
              "type" : "integer",
              "enum" : [
                1,
                2,
                3,
                4,
                5,
                6,
                7
              ],
              "description" : "保活期间允许短暂休眠的日子，一周内的某一天或者几天。\n数字数组，数字代表星期*，数组内数字不可重复"
            },
            "snooze_start_time" : {
              "type" : "integer",
              "minimum" : 0,
              "maximum" : 86400,
              "description" : "休眠开始时间，取值为一天中的秒数，单位秒。开始时间不可大于结束时间"
            },
            "snooze_end_time" : {
              "type" : "integer",
              "minimum" : 0,
              "maximum" : 86400,
              "description" : "休眠结束时间，取值为一天中的秒数，单位秒。开始时间不可大于结束时间"
            }
          }
        },
        "keepAlive" : {
          "type" : "object",
          "properties" : {
            "enabled" : {
              "type" : "integer",
              "enum" : [
                0,
                1
              ],
              "description" : "保活开关，1=开、0=关"
            },
            "snoozeWeeks" : {
              "type" : "integer",
              "enum" : [
                1,
                2,
                3,
                4,
                5,
                6,
                7
              ],
              "description" : "保活期间允许短暂休眠的日子，一周内的某一天或者几天。\n数字数组，数字代表星期*，数组内数字不可重复"
            },
            "snoozeStartTime" : {
              "type" : "integer",
              "minimum" : 0,
              "maximum" : 86400,
              "description" : "休眠开始时间，取值为一天中的秒数，单位秒。开始时间不可大于结束时间"
            },
            "snoozeEndTime" : {
              "type" : "integer",
              "minimum" : 0,
              "maximum" : 86400,
              "description" : "休眠结束时间，取值为一天中的秒数，单位秒。开始时间不可大于结束时间"
            }
          }
        },
        "stay_status" : {
          "type" : "integer",
          "enum" : [
            0,
            1
          ],
          "deprecated" : true,
          "description" : "徘徊检测开关 布尔. 1=开; 0=关"
        },
        "setPir" : {
          "type" : "object",
          "deprecated" : true,
          "properties" : {
            "stay_time" : {
              "type" : "integer",
              "enum" : [
                10,
                20,
                30,
                60
              ],
              "description" : "徘徊时间检测，单位：秒"
            },
            "pir_sen" : {
              "type" : "integer",
              "minimum" : 0,
              "maximum" : 100,
              "description" : "PIR 灵敏度"
            }
          }
        },
        "pir" : {
          "type" : "object",
          "deprecated" : true,
          "properties" : {
            "enabled" : {
              "type" : "integer",
              "enum" : [
                0,
                1
              ],
              "description" : "徘徊检测开关\n锁端默认关"
            },
            "stayTime" : {
              "type" : "integer",
              "enum" : [
                10,
                20,
                30,
                60
              ],
              "description" : "徘徊时间检测，单位：秒"
            },
            "sensitivity" : {
              "type" : "integer",
              "minimum" : 0,
              "maximum" : 100,
              "description" : "PIR 灵敏度"
            }
          }
        },
        "screenLightSwitch" : {
          "type" : "integer",
          "enum" : [
            0,
            1
          ],
          "deprecated" : true,
          "description" : "显示屏亮屏开关（门铃呼叫）\n锁端默认开, 布尔. 1=开; 0=关"
        },
        "screenLightTime" : {
          "type" : "integer",
          "enum" : [
            5,
            10,
            15
          ],
          "deprecated" : true,
          "description" : "显示屏亮屏时长，单位：秒\n锁端默认10"
        },
        "screenLightLevel" : {
          "type" : "integer",
          "enum" : [
            30,
            60,
            80
          ],
          "deprecated" : true,
          "description" : "显示屏亮度\n80：高亮\n60：中亮\n30：低亮\n锁端默认60，中亮"
        },
        "screen" : {
          "type" : "object",
          "description" : "显示屏功能设置（门铃呼叫）",
          "properties" : {
            "enabled" : {
              "type" : "integer",
              "enum" : [
                0,
                1
              ],
              "description" : "显示屏亮屏开关（门铃呼叫）\n锁端默认开, 布尔. 1=开; 0=关"
            },
            "duration" : {
              "type" : "integer",
              "enum" : [
                5,
                10,
                15
              ],
              "description" : "显示屏亮屏时长，单位：秒\n锁端默认10"
            },
            "brightness" : {
              "type" : "integer",
              "enum" : [
                30,
                60,
                80
              ],
              "description" : "显示屏亮度\n80：高亮\n60：中亮\n30：低亮\n锁端默认60，中亮"
            }
          }
        }
      }
    }
  },
  "examples" : [
  ]
}
