{
  "formData" : {
    "subItems" : [
      {
        "code" : "name",
        "name" : "姓名",
        "type" : "字符串",
        "value" : "火车头"
      },
      {
        "code" : "age",
        "name" : "年龄",
        "type" : "数字",
        "value" : "666"
      }
    ],
    "title" : "门铃方案非视频流"
  },
  "schema" : {
    "title" : "拓展字段",
    "description" : "拓展字段",
    "type" : "object",
    "properties" : {
      "title" : {
        "title" : "标题",
        "type" : "string"
      },
      "subItems" : {
        "title" : "子项",
        "type" : "array",
        "items" : {
          "type" : "object",
          "properties" : {
            "code" : {
              "title" : "编码",
              "type" : "string",
              "ui:width" : "20%"
            },
            "name" : {
              "title" : "名称",
              "type" : "string",
              "ui:width" : "30%"
            },
            "type" : {
              "title" : "类型",
              "type" : "string",
              "enum" : [
                "字符串",
                "数字",
                "时间"
              ],
              "ui:width" : "20%"
            },
            "value" : {
              "title" : "值",
              "type" : "string",
              "ui:width" : "30%"
            }
          }
        }
      }
    }
  },
  "uiSchema" : {
  }
}