{
  "schema" : {
    "title" : "产品图片",
    "type" : "object",
    "required" : [
      "frontPanel",
      "backPanel"
    ],
    "ui:order" : [
      "frontPanel",
      "backPanel"
    ],
    "properties" : {
      "frontPanel" : {
        "type" : "string",
        "title" : "前锁图片"
      },
      "backPanel" : {
        "type" : "string",
        "title" : "后锁图片",
        "description" : "<label style=\"color: red\">上传格式限制：jpg、jpeg、gif、png，大小：5M</label>"
      }
    }
  },
  "uiSchema" : {
    "frontPanel" : {
      "ui:options" : {
        "btnText" : "上传图片",
        "widget" : "UploadWidget"
      },
      "err:options" : {
        "required" : "请选择前锁图片"
      }
    },
    "backPanel" : {
      "ui:options" : {
        "btnText" : "上传图片",
        "widget" : "UploadWidget"
      },
      "err:options" : {
        "required" : "请选择后锁图片"
      }
    }
  }
}