{
  "schema" : {
    "title" : "产品信息",
    "type" : "object",
    "required" : [
      "pid",
      "name"
    ],
    "ui:order" : [
      "pid",
      "name",
      "appDisplayName",
      "productCode",
      "decoupling",
      "devModel",
      "firmwareShared",
      "cdkeyProvided",
      "productManager",
      "introduction"
    ],
    "properties" : {
      "pid" : {
        "type" : "string",
        "title" : "PID",
        "description" : "<label style=\"color: red\">产品唯一编码，不可重复，限制三位数，数字+字母大写，由产品经理按照命名规范命名</label>",
        "minLength" : 3,
        "maxLength" : 3
      },
      "name" : {
        "type" : "string",
        "title" : "销售型号",
        "description" : "<label style=\"color: red\">市场部提供或者商务提供</label>"
      },
      "appDisplayName" : {
        "type" : "string",
        "description" : "<p style=\"color: red\">1.用于APP/小程序页面显示</p><p style=\"color: red\">2.与配网方式一 一对应，一个型号只有唯一个配网方式，如果之前登记过该型号，后面的配网方式将会按照之前的配网方式自动选择，无法更改，如果是一个新的型号，将由用户自己选择配网方式。</p><p style=\"color: red\">3.对比方式：去掉所有的特殊符号和空格，并把所有字母变成小写进行比对。</p>",
        "title" : "⭐APP显示型号"
      },
      "productCode" : {
        "type" : "string",
        "title" : "产品编号",
        "description" : "<label style=\"color: red\">自动生成，用于服务器后台比对配网方式</label>",
        "readOnly" : true
      },
      "decoupling" : {
        "type" : "boolean",
        "title" : "研发解耦",
        "description" : "<label style=\"color: red\">注：研发型号为研发内部使用，获取途径：1.如果和已立项的某个产品的硬件和固件一样，并且经过研发评估可以研发解耦，则可以沿用该产品的研发型号；2.由产品经理按照命名规范取值。</label>"
      },
      "devModel" : {
        "type" : "string",
        "title" : "研发型号",
        "description" : "<label style=\"color: red\">限制五位数，数字+字母大写</label>",
        "minLength" : 5,
        "maxLength" : 5
      },
      "firmwareShared" : {
        "type" : "boolean",
        "title" : "是否共固件"
      },
      "cdkeyProvided" : {
        "type" : "boolean",
        "title" : "带激活码"
      },
      "productManager" : {
        "type" : "string",
        "title" : "产品经理",
        "maxLength" : 10
      },
      "introduction" : {
        "type" : "string",
        "title" : "产品概述",
        "minLength" : 500
      }
    }
  },
  "uiSchema" : {
    "pid" : {
      "ui:options" : {
        "placeholder" : "请输入PID，三位"
      },
      "err:options" : {
        "required" : "PID为必填项",
        "minLength" : "PID为必填项",
        "maxLength" : "PID为必填项"
      }
    },
    "name" : {
      "ui:options" : {
        "placeholder" : "请输入销售型号全称"
      },
      "err:options" : {
        "required" : "销售型号全称为必填项"
      }
    },
    "appDisplayName" : {
      "ui:options" : {
        "placeholder" : "请输入APP显示型号"
      }
    },
    "decoupling" : {
      "ui:options" : {
        "placeholder" : "请选择是否"
      }
    },
    "devModel" : {
      "ui:options" : {
        "placeholder" : "请输入研发型号"
      },
      "err:options" : {
        "required" : "研发型号为必填项",
        "minLength" : "研发型号为必填项",
        "maxLength" : "研发型号为必填项"
      }
    },
    "productManager" : {
      "err:options" : {
        "required" : "产品经理为必填项"
      }
    },
    "introduction" : {
      "ui:options" : {
        "type" : "textarea"
      }
    }
  }
}