{
  "schema" : {
    "title" : "产品分类",
    "type" : "object",
    "required" : [
      "productCategory",
      "productType"
    ],
    "ui:order" : [
      "productCategory",
      "productType"
    ],
    "properties" : {
      "productCategory" : {
        "type" : "string",
        "title" : "一级品类",
        "description" : "<label style=\"color: red\">用于APP/小程序页面产品列表分类显示</label>"
      },
      "productType" : {
        "type" : "string",
        "title" : "产品类型"
      }
    }
  },
  "uiSchema" : {
    "productCategory" : {
      "ui:options" : {
        "widget" : "SelectWidget",
        "enumOptions" : [
          {
            "value" : "1",
            "label" : "加载中..."
          }
        ]
      }
    },
    "productType" : {
      "ui:options" : {
        "widget" : "SelectWidget",
        "enumOptions" : [
          {
            "value" : "1",
            "label" : "加载中..."
          }
        ]
      }
    }
  }
}