{
  "schema" : {
    "title" : "销售信息",
    "type" : "object",
    "required" : [
      "customer",
      "distributionChannel"
    ],
    "ui:order" : [
      "customer",
      "distributionChannel"
    ],
    "properties" : {
      "customer" : {
        "type" : "string",
        "title" : "客户",
        "description" : "<label style=\"color: red\">客户名称，用于做文本记录，不与服务器关联</label>"
      },
      "distributionChannel" : {
        "type" : "string",
        "title" : "销售渠道",
        "description" : "<label style=\"color: red\">市场部提供或者商务提供</label>"
      }
    }
  },
  "uiSchema" : {
    "customer" : {
      "ui:options" : {
        "placeholder" : "请选择客户",
        "widget" : "SelectWidget"
      },
      "err:options" : {
        "required" : "请选择客户"
      }
    },
    "distributionChannel" : {
      "ui:options" : {
        "placeholder" : "请选择销售渠道",
        "widget" : "SelectWidget"
      },
      "err:options" : {
        "required" : "请选择销售渠道"
      }
    }
  }
}