{
  "schema" : {
    "title" : "开锁方式",
    "type" : "object",
    "properties" : {
      "unlockMethod" : {
        "type" : "array",
        "uniqueItems" : true,
        "items" : {
          "type" : "string",
          "enum" : [
            "1",
            "2",
            "3",
            "4",
            "5",
            "6",
            "7",
            "8",
            "9"
          ],
          "enumNames" : [
            "指纹",
            "指静脉",
            "掌静脉",
            "密码",
            "机械钥匙",
            "卡片",
            "人脸",
            "APP开锁",
            "小程序开锁"
          ]
        },
        "title" : "开锁方式"
      },
      "numberOfFingerprint" : {
        "title" : "指纹组数",
        "type" : "integer",
        "default" : 0
      },
      "numberOfFingerVein" : {
        "title" : "指静脉组数",
        "type" : "integer",
        "default" : 0
      },
      "numberOfPalmVein" : {
        "title" : "掌静脉组数",
        "type" : "integer",
        "default" : 0
      },
      "passwordType" : {
        "title" : "密码类型",
        "type" : "string",
        "enum" : [
          "",
          "1",
          "2",
          "3"
        ],
        "enumNames" : [
          "请选择密码类型",
          "一",
          "二",
          "三"
        ]
      },
      "numberOfPassword" : {
        "title" : "密码组数",
        "type" : "integer",
        "default" : 0
      },
      "numberOfStrategicPassword" : {
        "title" : "策略性密码组数",
        "type" : "integer",
        "description" : "<label style=\"color: red\">没有则写“0”</label>",
        "default" : 0
      },
      "numberOfCard" : {
        "title" : "卡片数量",
        "type" : "integer",
        "default" : 0
      },
      "numberOfFace" : {
        "title" : "人脸数量",
        "type" : "integer",
        "default" : 0
      },
      "appUnlockType" : {
        "title" : "APP开锁类型",
        "type" : "string",
        "enum" : [
          "",
          "1",
          "2",
          "3"
        ],
        "enumNames" : [
          "请选择APP开锁类型",
          "一",
          "二",
          "三"
        ]
      }
    }
  },
  "uiSchema" : {
    "unlockMethod" : {
      "ui:options" : {
        "widget" : "CheckboxesWidget"
      }
    },
    "numberOfFingerprint" : {
      "ui:hidden" : "{{rootFormData.unlockMethod.indexOf('1') < 0}}",
      "ui:options" : {
        "placeholder" : "只能输入数字，管理员指纹+普通指纹数量"
      }
    },
    "numberOfFingerVein" : {
      "ui:hidden" : "{{rootFormData.unlockMethod.indexOf('2') < 0}}",
      "ui:options" : {
        "placeholder" : "只能输入数字，总数量"
      }
    },
    "numberOfPalmVein" : {
      "ui:hidden" : "{{rootFormData.unlockMethod.indexOf('3') < 0}}",
      "ui:options" : {
        "placeholder" : "只能输入数字，总数量"
      }
    },
    "passwordType" : {
      "ui:hidden" : "{{rootFormData.unlockMethod.indexOf('4') < 0}}",
      "ui:options" : {
        "placeholder" : "请选择密码类型",
        "widget" : "SelectWidget"
      }
    },
    "numberOfPassword" : {
      "ui:hidden" : "{{rootFormData.unlockMethod.indexOf('4') < 0}}",
      "ui:options" : {
        "placeholder" : "只能输入数字，管理员密码+普通密码数量"
      }
    },
    "numberOfStrategicPassword" : {
      "ui:hidden" : "{{rootFormData.unlockMethod.indexOf('4') < 0}}",
      "ui:options" : {
        "placeholder" : "只能输入数字，周期性密码+时效性密码"
      }
    },
    "numberOfCard" : {
      "ui:hidden" : "{{rootFormData.unlockMethod.indexOf('6') < 0}}",
      "ui:options" : {
        "placeholder" : "只能输入数字，总数量"
      }
    },
    "numberOfFace" : {
      "ui:hidden" : "{{rootFormData.unlockMethod.indexOf('7') < 0}}",
      "ui:options" : {
        "placeholder" : "只能输入数字，总数量"
      }
    },
    "appUnlockType" : {
      "ui:hidden" : "{{rootFormData.unlockMethod.indexOf('8') < 0}}",
      "ui:options" : {
        "placeholder" : "请选择密码类型",
        "widget" : "SelectWidget"
      }
    }
  }
}