<?xml version="1.0" encoding="UTF-8"?>
<!DOCTYPE mapper PUBLIC "-//mybatis.org//DTD Mapper 3.0//EN" "http://mybatis.org/dtd/mybatis-3-mapper.dtd">
<mapper namespace="com.kaadas.rental.management.tenant.domain.repository.mapper.TenantMapper">

    <resultMap type="com.kaadas.rental.management.tenant.domain.Tenant" id="TenantMap">
        <result property="id" column="id" jdbcType="INTEGER"/>
        <result property="tenantNo" column="tenant_no" jdbcType="VARCHAR"/>
        <result property="tenantName" column="tenant_name" jdbcType="VARCHAR"/>
        <result property="tenantAddress" column="tenant_address" jdbcType="VARCHAR"/>
        <result property="deleted" column="deleted" jdbcType="INTEGER"/>
        <result property="createTime" column="create_time" jdbcType="TIMESTAMP"/>
        <result property="createBy" column="create_by" jdbcType="INTEGER"/>
        <result property="updateTime" column="update_time" jdbcType="TIMESTAMP"/>
        <result property="updateBy" column="update_by" jdbcType="INTEGER"/>
    </resultMap>

    <!-- 批量插入 -->
    <insert id="insertBatch" keyProperty="id" useGeneratedKeys="true">
        insert into
        db_open_client.open_tenant(tenant_notenant_nametenant_addressdeletedcreate_timecreate_byupdate_timeupdate_by)
        values
        <foreach collection="entities" item="entity" separator=",">
            (#{entity.tenantNo}#{entity.tenantName}#{entity.tenantAddress}#{entity.deleted}#{entity.createTime}#{entity.createBy}#{entity.updateTime}#{entity.updateBy})
        </foreach>
    </insert>
    <!-- 批量插入或按主键更新 -->
    <insert id="insertOrUpdateBatch" keyProperty="id" useGeneratedKeys="true">
        insert into
        db_open_client.open_tenant(tenant_notenant_nametenant_addressdeletedcreate_timecreate_byupdate_timeupdate_by)
        values
        <foreach collection="entities" item="entity" separator=",">
            (#{entity.tenantNo}#{entity.tenantName}#{entity.tenantAddress}#{entity.deleted}#{entity.createTime}#{entity.createBy}#{entity.updateTime}#{entity.updateBy})
        </foreach>
        on duplicate key update
        tenant_no = values(tenant_no) tenant_name = values(tenant_name) tenant_address = values(tenant_address) deleted
        = values(deleted) create_time = values(create_time) create_by = values(create_by) update_time =
        values(update_time) update_by = values(update_by)
    </insert>

</mapper>

